Instance,Trial,Stages,Orders,Jobs,GA_C_max,GA_Time,GA_Time_Found,PSO_C_max,PSO_Time,PSO_Time_Found,TS_C_max,TS_Time,TS_Time_Found,SA_C_max,SA_Time,SA_Time_Found,LS_C_max,LS_Time,LS_Time_Found,GA_Err,SA_Err,PSO_Err,TS_Err,LS_Err,GA_TF_percent,SA_TF_percent,PSO_TF_percent,TS_TF_percent,LS_TF_percent
S_3-Ord_10-I_0-WIP_0,0.0,3.0,10.0,20.0,86.0,39.354,13.856,89.0,73.117,3.514,86.0,77.39,40.33,87.0,119.419,52.923,89.0,78.058,6.03,0.0,1.1494252873563218,3.3707865168539324,0.0,3.3707865168539324,35.21,44.32,4.81,52.11,7.73
S_3-Ord_10-I_0-WIP_0,1.0,3.0,10.0,20.0,86.0,41.452,6.042,86.0,73.204,14.261,89.0,77.67,4.49,88.0,120.876,16.549,89.0,78.054,3.35,0.0,2.272727272727273,0.0,3.3707865168539324,3.3707865168539324,14.58,13.69,19.48,5.78,4.29
S_3-Ord_10-I_0-WIP_0,2.0,3.0,10.0,20.0,86.0,40.606,4.268,89.0,73.967,9.19,86.0,75.48,15.46,86.0,119.753,3.565,89.0,78.019,2.34,0.0,0.0,3.3707865168539324,0.0,3.3707865168539324,10.51,2.98,12.42,20.48,3.0
S_3-Ord_10-I_0-WIP_0,3.0,3.0,10.0,20.0,86.0,40.077,12.261,89.0,73.685,3.503,89.0,75.2,13.08,87.0,120.107,75.441,89.0,78.011,5.16,0.0,1.1494252873563218,3.3707865168539324,3.3707865168539324,3.3707865168539324,30.59,62.81,4.75,17.39,6.61
S_3-Ord_10-I_0-WIP_0,4.0,3.0,10.0,20.0,86.0,40.654,14.377,91.0,74.721,43.069,86.0,78.63,29.88,87.0,120.24,68.617,87.0,78.038,4.65,0.0,1.1494252873563218,5.4945054945054945,0.0,1.1494252873563218,35.36,57.07,57.64,38.0,5.96
S_6-Ord_10-I_0-WIP_0,0.0,6.0,10.0,20.0,196.0,62.829,40.172,215.0,104.911,22.839,196.0,113.21,81.88,196.0,176.614,140.624,197.0,113.086,8.88,0.0,0.0,8.837209302325581,0.0,0.5076142131979695,63.94,79.62,21.77,72.33,7.85
S_6-Ord_10-I_0-WIP_0,1.0,6.0,10.0,20.0,197.0,63.662,11.085,197.0,105.735,38.047,196.0,107.78,96.4,196.0,175.857,174.488,198.0,113.037,7.13,0.5076142131979695,0.0,0.5076142131979695,0.0,1.0101010101010102,17.41,99.22,35.98,89.44,6.31
S_6-Ord_10-I_0-WIP_0,2.0,6.0,10.0,20.0,197.0,61.943,3.025,203.0,104.031,12.63,196.0,107.78,27.7,196.0,175.682,173.06,197.0,113.053,4.5,0.5076142131979695,0.0,3.4482758620689653,0.0,0.5076142131979695,4.88,98.51,12.14,25.7,3.98
S_6-Ord_10-I_0-WIP_0,3.0,6.0,10.0,20.0,197.0,56.615,6.964,197.0,104.577,45.713,197.0,111.49,7.58,197.0,175.615,77.737,197.0,113.041,11.49,0.5076142131979695,0.5076142131979695,0.5076142131979695,0.5076142131979695,0.5076142131979695,12.3,44.27,43.71,6.8,10.16
S_6-Ord_10-I_0-WIP_0,4.0,6.0,10.0,20.0,197.0,61.379,45.011,207.0,104.155,10.098,197.0,109.74,10.93,197.0,175.573,107.186,206.0,113.013,5.29,0.5076142131979695,0.5076142131979695,5.314009661835748,0.5076142131979695,4.854368932038835,73.33,61.05,9.7,9.96,4.68
S_9-Ord_10-I_0-WIP_0,0.0,9.0,10.0,20.0,157.0,85.593,16.243,165.0,135.914,12.997,157.0,153.78,92.28,157.0,236.472,18.866,159.0,151.016,2.04,1.2738853503184715,1.2738853503184715,6.0606060606060606,1.2738853503184715,2.515723270440252,18.98,7.98,9.56,60.01,1.35
S_9-Ord_10-I_0-WIP_0,1.0,9.0,10.0,20.0,158.0,82.625,23.234,163.0,135.913,13.159,156.0,145.04,59.76,157.0,234.025,216.424,158.0,151.059,1.62,1.89873417721519,1.2738853503184715,4.9079754601226995,0.641025641025641,1.89873417721519,28.12,92.48,9.68,41.2,1.07
S_9-Ord_10-I_0-WIP_0,2.0,9.0,10.0,20.0,157.0,87.229,21.524,162.0,135.749,56.056,157.0,144.52,42.43,156.0,234.259,229.762,159.0,151.078,8.88,1.2738853503184715,0.641025641025641,4.320987654320987,1.2738853503184715,2.515723270440252,24.68,98.08,41.29,29.36,5.88
S_9-Ord_10-I_0-WIP_0,3.0,9.0,10.0,20.0,156.0,84.604,58.797,175.0,136.073,13.166,155.0,156.04,84.79,160.0,233.976,22.23,163.0,151.085,1.04,0.641025641025641,3.125,11.428571428571429,0.0,4.9079754601226995,69.5,9.5,9.68,54.34,0.69
S_9-Ord_10-I_0-WIP_0,4.0,9.0,10.0,20.0,158.0,83.964,46.353,159.0,135.587,22.821,156.0,136.51,93.44,156.0,233.921,214.417,158.0,151.05,5.89,1.89873417721519,0.641025641025641,2.515723270440252,0.641025641025641,1.89873417721519,55.21,91.66,16.83,68.45,3.9
S_3-Ord_10-I_1-WIP_0,0.0,3.0,10.0,20.0,159.0,38.11,1.754,165.0,72.478,1.765,159.0,77.69,,159.0,117.13,,159.0,77.013,,0.0,0.0,3.6363636363636362,0.0,0.0,4.6,,2.44,,
S_3-Ord_10-I_1-WIP_0,1.0,3.0,10.0,20.0,159.0,39.182,1.83,159.0,72.253,1.747,159.0,75.51,,159.0,117.548,,159.0,77.02,,0.0,0.0,0.0,0.0,0.0,4.67,,2.42,,
S_3-Ord_10-I_1-WIP_0,2.0,3.0,10.0,20.0,159.0,38.331,1.753,159.0,72.613,1.739,159.0,78.37,1.86,159.0,117.998,0.63,159.0,77.019,2.23,0.0,0.0,0.0,0.0,0.0,4.57,0.53,2.39,2.37,2.9
S_3-Ord_10-I_1-WIP_0,3.0,3.0,10.0,20.0,159.0,39.528,1.741,159.0,72.336,1.783,159.0,79.56,3.26,159.0,117.045,2.383,159.0,77.04,2.38,0.0,0.0,0.0,0.0,0.0,4.4,2.04,2.46,4.1,3.09
S_3-Ord_10-I_1-WIP_0,4.0,3.0,10.0,20.0,159.0,39.581,1.724,159.0,72.528,1.711,159.0,80.89,,159.0,117.164,,159.0,77.034,,0.0,0.0,0.0,0.0,0.0,4.36,,2.36,,
S_6-Ord_10-I_1-WIP_0,0.0,6.0,10.0,20.0,126.0,63.09,23.677,151.0,103.479,103.479,129.0,108.99,18.8,129.0,175.177,52.213,132.0,113.017,4.78,0.0,2.3255813953488373,16.55629139072848,2.3255813953488373,4.545454545454546,37.53,29.81,100.0,17.25,4.23
S_6-Ord_10-I_1-WIP_0,1.0,6.0,10.0,20.0,126.0,66.766,41.924,140.0,103.599,23.17,126.0,113.83,42.17,128.0,175.692,151.488,135.0,113.001,1.21,0.0,1.5625,10.0,0.0,6.666666666666667,62.79,86.22,22.37,37.05,1.07
S_6-Ord_10-I_1-WIP_0,2.0,6.0,10.0,20.0,130.0,64.295,62.253,144.0,103.544,65.428,126.0,110.88,97.34,130.0,176.193,158.865,132.0,113.002,15.27,3.076923076923077,3.076923076923077,12.5,0.0,4.545454545454546,96.82,90.17,63.19,87.79,13.51
S_6-Ord_10-I_1-WIP_0,3.0,6.0,10.0,20.0,129.0,65.005,20.587,138.0,103.646,85.684,126.0,106.31,53.34,128.0,175.237,168.728,136.0,113.072,5.1,2.3255813953488373,1.5625,8.695652173913043,0.0,7.352941176470589,31.67,96.29,82.67,50.17,4.51
S_6-Ord_10-I_1-WIP_0,4.0,6.0,10.0,20.0,127.0,63.16,17.486,130.0,103.38,35.041,127.0,110.06,63.06,130.0,174.211,154.489,131.0,113.129,7.35,0.7874015748031495,3.076923076923077,3.076923076923077,0.7874015748031495,3.816793893129771,27.69,88.68,33.9,57.3,6.5
S_9-Ord_10-I_1-WIP_0,0.0,9.0,10.0,20.0,216.0,81.963,13.542,218.0,134.512,9.63,215.0,137.71,25.38,216.0,234.486,12.532,219.0,150.021,3.65,0.4629629629629629,0.4629629629629629,1.3761467889908259,0.0,1.82648401826484,16.52,5.34,7.16,18.43,2.43
S_9-Ord_10-I_1-WIP_0,1.0,9.0,10.0,20.0,215.0,83.118,16.853,216.0,134.32,13.036,215.0,141.67,129.32,216.0,236.942,179.421,216.0,150.066,4.91,0.0,0.4629629629629629,0.4629629629629629,0.0,0.4629629629629629,20.28,75.72,9.71,91.28,3.27
S_9-Ord_10-I_1-WIP_0,2.0,9.0,10.0,20.0,217.0,85.851,17.724,216.0,133.596,22.909,215.0,143.0,15.19,215.0,237.227,220.053,216.0,150.044,2.89,0.9216589861751152,0.0,0.4629629629629629,0.0,0.4629629629629629,20.65,92.76,17.15,10.62,1.93
S_9-Ord_10-I_1-WIP_0,3.0,9.0,10.0,20.0,216.0,86.874,14.737,216.0,134.681,22.742,216.0,146.6,8.61,215.0,236.238,196.355,216.0,150.098,1.88,0.4629629629629629,0.0,0.4629629629629629,0.4629629629629629,0.4629629629629629,16.96,83.12,16.89,5.87,1.25
S_9-Ord_10-I_1-WIP_0,4.0,9.0,10.0,20.0,215.0,83.164,13.865,216.0,134.795,88.424,215.0,150.41,84.96,216.0,236.804,145.8,217.0,150.105,4.54,0.0,0.4629629629629629,0.4629629629629629,0.0,0.9216589861751152,16.67,61.57,65.6,56.49,3.02
S_3-Ord_10-I_2-WIP_0,0.0,3.0,10.0,20.0,70.0,44.73,16.368,79.0,76.041,31.517,70.0,77.73,31.92,71.0,121.348,59.194,75.0,80.045,1.18,0.0,1.4084507042253522,11.39240506329114,0.0,6.666666666666667,36.59,48.78,41.45,41.07,1.47
S_3-Ord_10-I_2-WIP_0,1.0,3.0,10.0,20.0,70.0,43.882,34.999,71.0,74.778,3.585,70.0,80.47,30.89,72.0,121.91,110.592,73.0,80.048,0.37,0.0,2.7777777777777777,1.4084507042253522,0.0,4.10958904109589,79.76,90.72,4.79,38.39,0.46
S_3-Ord_10-I_2-WIP_0,2.0,3.0,10.0,20.0,70.0,43.593,37.617,70.0,75.613,27.395,71.0,80.82,12.95,71.0,121.622,77.805,76.0,80.05,1.74,0.0,1.4084507042253522,0.0,1.4084507042253522,7.894736842105263,86.29,63.97,36.23,16.02,2.17
S_3-Ord_10-I_2-WIP_0,3.0,3.0,10.0,20.0,71.0,43.764,9.267,79.0,74.657,63.692,70.0,80.93,38.17,72.0,121.019,113.169,72.0,80.054,3.88,1.4084507042253522,2.7777777777777777,11.39240506329114,0.0,2.7777777777777777,21.17,93.51,85.31,47.16,4.85
S_3-Ord_10-I_2-WIP_0,4.0,3.0,10.0,20.0,70.0,44.085,18.918,72.0,74.914,69.409,70.0,82.81,22.85,71.0,121.387,113.598,75.0,80.002,0.3,0.0,1.4084507042253522,2.7777777777777777,0.0,6.666666666666667,42.91,93.58,92.65,27.59,0.37
S_6-Ord_10-I_2-WIP_0,0.0,6.0,10.0,20.0,156.0,65.794,23.817,152.0,103.37,10.108,152.0,109.69,21.38,152.0,177.841,60.637,157.0,113.065,0.55,2.564102564102564,0.0,0.0,0.0,3.1847133757961785,36.2,34.1,9.78,19.49,0.49
S_6-Ord_10-I_2-WIP_0,1.0,6.0,10.0,20.0,152.0,60.194,2.495,152.0,103.02,7.515,152.0,108.25,11.45,152.0,176.508,145.14,156.0,113.054,2.91,0.0,0.0,0.0,0.0,2.564102564102564,4.14,82.23,7.29,10.58,2.57
S_6-Ord_10-I_2-WIP_0,2.0,6.0,10.0,20.0,152.0,59.153,7.049,152.0,103.648,10.291,152.0,109.82,6.99,152.0,175.603,75.159,157.0,113.082,1.4,0.0,0.0,0.0,0.0,3.1847133757961785,11.92,42.8,9.93,6.36,1.24
S_6-Ord_10-I_2-WIP_0,3.0,6.0,10.0,20.0,152.0,62.562,10.16,152.0,104.325,7.66,152.0,112.19,19.11,152.0,177.191,152.287,157.0,113.041,2.59,0.0,0.0,0.0,0.0,3.1847133757961785,16.24,85.95,7.34,17.03,2.29
S_6-Ord_10-I_2-WIP_0,4.0,6.0,10.0,20.0,152.0,58.467,2.666,152.0,103.726,10.386,152.0,108.91,4.86,152.0,176.009,67.876,159.0,113.043,5.77,0.0,0.0,0.0,0.0,4.40251572327044,4.56,38.56,10.01,4.46,5.1
S_9-Ord_10-I_2-WIP_0,0.0,9.0,10.0,20.0,214.0,84.261,3.24,215.0,135.349,6.396,215.0,145.4,5.82,214.0,236.731,122.548,215.0,150.06,7.32,0.0,0.0,0.46511627906976744,0.46511627906976744,0.46511627906976744,3.85,51.77,4.73,4.0,4.88
S_9-Ord_10-I_2-WIP_0,1.0,9.0,10.0,20.0,214.0,84.408,17.2,215.0,136.396,3.232,214.0,147.71,57.89,214.0,237.601,235.403,215.0,150.156,6.55,0.0,0.0,0.46511627906976744,0.0,0.46511627906976744,20.38,99.07,2.37,39.19,4.36
S_9-Ord_10-I_2-WIP_0,2.0,9.0,10.0,20.0,214.0,82.07,12.539,215.0,134.995,19.853,215.0,147.62,12.2,214.0,236.117,195.629,215.0,150.134,4.04,0.0,0.0,0.46511627906976744,0.46511627906976744,0.46511627906976744,15.28,82.85,14.71,8.26,2.69
S_9-Ord_10-I_2-WIP_0,3.0,9.0,10.0,20.0,214.0,87.917,6.609,215.0,136.449,6.495,215.0,142.27,5.19,214.0,237.31,31.536,215.0,150.015,1.34,0.0,0.0,0.46511627906976744,0.46511627906976744,0.46511627906976744,7.52,13.29,4.76,3.65,0.89
S_9-Ord_10-I_2-WIP_0,4.0,9.0,10.0,20.0,215.0,82.875,3.488,215.0,136.113,6.544,214.0,138.16,118.19,214.0,235.793,104.341,215.0,150.103,5.21,0.46511627906976744,0.0,0.46511627906976744,0.0,0.46511627906976744,4.21,44.25,4.81,85.55,3.47
S_3-Ord_30-I_0-WIP_0,0.0,3.0,30.0,60.0,261.0,86.61,43.917,261.0,127.955,15.848,261.0,158.34,28.46,261.0,225.594,198.195,261.0,149.108,22.76,0.0,0.0,0.0,0.0,0.0,50.71,87.85,12.39,17.97,15.26
S_3-Ord_30-I_0-WIP_0,1.0,3.0,30.0,60.0,262.0,85.967,24.02,261.0,127.377,21.415,261.0,156.69,24.84,261.0,224.248,108.33,261.0,149.044,8.62,0.38167938931297707,0.0,0.0,0.0,0.0,27.94,48.31,16.81,15.85,5.78
S_3-Ord_30-I_0-WIP_0,2.0,3.0,30.0,60.0,262.0,76.268,6.08,263.0,131.522,9.904,261.0,156.25,25.26,261.0,228.129,12.397,261.0,149.088,48.6,0.38167938931297707,0.0,0.7604562737642585,0.0,0.0,7.97,5.43,7.53,16.17,32.6
S_3-Ord_30-I_0-WIP_0,3.0,3.0,30.0,60.0,261.0,83.822,11.739,263.0,126.364,6.283,261.0,158.37,3.7,261.0,221.749,0.444,261.0,149.018,0.1,0.0,0.0,0.7604562737642585,0.0,0.0,14.0,0.2,4.97,2.34,0.07
S_3-Ord_30-I_0-WIP_0,4.0,3.0,30.0,60.0,262.0,84.667,33.743,264.0,130.491,37.878,261.0,164.27,18.56,261.0,227.056,180.316,261.0,149.089,3.91,0.38167938931297707,0.0,1.1363636363636365,0.0,0.0,39.85,79.41,29.03,11.3,2.62
S_6-Ord_30-I_0-WIP_0,0.0,6.0,30.0,60.0,456.0,143.187,40.804,469.0,203.73,54.416,456.0,252.6,20.16,465.0,371.471,312.383,466.0,243.116,73.58,0.0,1.935483870967742,2.771855010660981,0.0,2.1459227467811157,28.5,84.09,26.71,7.98,30.27
S_6-Ord_30-I_0-WIP_0,1.0,6.0,30.0,60.0,462.0,146.766,9.324,471.0,205.901,49.901,456.0,254.88,179.17,456.0,370.369,333.339,456.0,243.128,66.73,1.2987012987012987,0.0,3.1847133757961785,0.0,0.0,6.35,90.0,24.24,70.3,27.45
S_6-Ord_30-I_0-WIP_0,2.0,6.0,30.0,60.0,456.0,133.197,30.755,475.0,205.68,49.89,456.0,255.45,214.78,460.0,370.51,59.291,466.0,243.02,152.63,0.0,0.8695652173913043,4.0,0.0,2.1459227467811157,23.09,16.0,24.26,84.08,62.81
S_6-Ord_30-I_0-WIP_0,3.0,6.0,30.0,60.0,456.0,140.577,27.473,470.0,204.615,14.687,456.0,254.72,214.26,459.0,369.554,264.211,466.0,243.044,147.88,0.0,0.6535947712418301,2.9787234042553195,0.0,2.1459227467811157,19.54,71.49,7.18,84.12,60.84
S_6-Ord_30-I_0-WIP_0,4.0,6.0,30.0,60.0,466.0,140.497,5.466,456.0,205.743,19.682,456.0,255.31,117.74,456.0,370.029,336.781,459.0,243.032,91.91,2.1459227467811157,0.0,0.0,0.0,0.6535947712418301,3.89,91.01,9.57,46.12,37.82
S_9-Ord_30-I_0-WIP_0,0.0,9.0,30.0,60.0,405.0,214.46,151.803,409.0,283.293,137.657,401.0,353.65,204.47,407.0,527.507,336.175,407.0,344.006,337.95,0.9876543209876543,1.4742014742014742,1.9559902200488997,0.0,1.4742014742014742,70.78,63.73,48.59,57.82,98.24
S_9-Ord_30-I_0-WIP_0,1.0,9.0,30.0,60.0,406.0,197.875,36.739,418.0,284.717,125.606,408.0,353.27,154.3,406.0,524.839,173.926,401.0,344.057,234.12,1.2315270935960592,1.2315270935960592,4.0669856459330145,1.715686274509804,0.0,18.57,33.14,44.12,43.68,68.05
S_9-Ord_30-I_0-WIP_0,2.0,9.0,30.0,60.0,405.0,221.33,54.847,425.0,283.857,20.631,401.0,359.23,143.57,405.0,524.103,486.577,405.0,344.195,135.25,0.9876543209876543,0.9876543209876543,5.647058823529412,0.0,0.9876543209876543,24.78,92.84,7.27,39.97,39.29
S_9-Ord_30-I_0-WIP_0,3.0,9.0,30.0,60.0,405.0,207.509,97.032,436.0,292.258,42.955,405.0,355.74,106.64,411.0,524.39,364.754,408.0,344.274,125.2,0.9876543209876543,2.4330900243309004,8.027522935779817,0.9876543209876543,1.715686274509804,46.76,69.56,14.7,29.98,36.37
S_9-Ord_30-I_0-WIP_0,4.0,9.0,30.0,60.0,409.0,201.229,68.32,404.0,287.681,35.0,401.0,354.23,176.38,403.0,524.406,462.796,406.0,344.06,212.82,1.9559902200488997,0.49627791563275436,0.7425742574257426,0.0,1.2315270935960592,33.95,88.25,12.17,49.79,61.86
S_3-Ord_30-I_1-WIP_0,0.0,3.0,30.0,60.0,261.0,77.928,13.481,260.0,128.773,3.18,260.0,159.37,79.77,260.0,221.93,154.015,261.0,148.034,0.86,0.38314176245210724,0.0,0.0,0.0,0.38314176245210724,17.3,69.4,2.47,50.05,0.58
S_3-Ord_30-I_1-WIP_0,1.0,3.0,30.0,60.0,260.0,84.596,3.087,261.0,128.233,43.404,260.0,159.84,19.02,260.0,223.118,16.946,260.0,148.014,44.83,0.0,0.0,0.38314176245210724,0.0,0.0,3.65,7.6,33.85,11.9,30.29
S_3-Ord_30-I_1-WIP_0,2.0,3.0,30.0,60.0,260.0,82.589,10.827,260.0,128.294,9.756,262.0,159.51,121.7,260.0,222.618,30.636,260.0,148.073,122.52,0.0,0.0,0.0,0.7633587786259541,0.0,13.11,13.76,7.6,76.3,82.74
S_3-Ord_30-I_1-WIP_0,3.0,3.0,30.0,60.0,260.0,80.821,3.097,261.0,129.791,6.091,260.0,160.46,60.91,260.0,222.07,144.465,262.0,148.025,29.8,0.0,0.0,0.38314176245210724,0.0,0.7633587786259541,3.83,65.05,4.69,37.96,20.13
S_3-Ord_30-I_1-WIP_0,4.0,3.0,30.0,60.0,262.0,78.343,8.556,260.0,128.557,28.065,260.0,160.42,154.1,260.0,222.466,196.711,260.0,148.077,27.01,0.7633587786259541,0.0,0.0,0.0,0.0,10.92,88.42,21.83,96.06,18.24
S_6-Ord_30-I_1-WIP_0,0.0,6.0,30.0,60.0,424.0,167.863,97.662,436.0,215.766,72.61,424.0,258.89,99.15,426.0,374.139,130.544,432.0,251.113,15.06,0.0,0.4694835680751174,2.7522935779816518,0.0,1.8518518518518516,58.18,34.89,33.65,38.3,6.0
S_6-Ord_30-I_1-WIP_0,1.0,6.0,30.0,60.0,426.0,143.995,56.643,431.0,218.727,15.754,426.0,256.79,215.76,426.0,375.075,277.421,432.0,251.021,6.37,0.4694835680751174,0.4694835680751174,1.6241299303944314,0.4694835680751174,1.8518518518518516,39.34,73.96,7.2,84.02,2.54
S_6-Ord_30-I_1-WIP_0,2.0,6.0,30.0,60.0,424.0,152.325,38.404,435.0,221.776,10.569,426.0,256.82,41.58,427.0,376.246,105.062,426.0,251.143,221.74,0.0,0.702576112412178,2.528735632183908,0.4694835680751174,0.4694835680751174,25.21,27.92,4.77,16.19,88.29
S_6-Ord_30-I_1-WIP_0,3.0,6.0,30.0,60.0,426.0,159.964,5.017,424.0,220.361,53.809,432.0,258.42,5.31,427.0,373.241,16.018,432.0,251.184,0.87,0.4694835680751174,0.702576112412178,0.0,1.8518518518518516,1.8518518518518516,3.14,4.29,24.42,2.05,0.35
S_6-Ord_30-I_1-WIP_0,4.0,6.0,30.0,60.0,424.0,145.472,113.772,432.0,220.25,188.271,435.0,257.35,10.99,427.0,374.114,295.722,432.0,251.101,31.13,0.0,0.702576112412178,1.8518518518518516,2.528735632183908,1.8518518518518516,78.21,79.05,85.48,4.27,12.4
S_9-Ord_30-I_1-WIP_0,0.0,9.0,30.0,60.0,561.0,245.318,88.269,561.0,342.477,30.279,563.0,365.8,86.56,563.0,543.44,542.93,563.0,381.299,17.37,0.35650623885918004,0.7104795737122558,0.35650623885918004,0.7104795737122558,0.7104795737122558,35.98,99.91,8.84,23.66,4.56
S_9-Ord_30-I_1-WIP_0,1.0,9.0,30.0,60.0,563.0,248.32,25.817,569.0,326.573,15.329,561.0,365.37,357.93,563.0,545.243,228.498,563.0,381.089,85.87,0.7104795737122558,0.7104795737122558,1.7574692442882252,0.35650623885918004,0.7104795737122558,10.4,41.91,4.69,97.96,22.53
S_9-Ord_30-I_1-WIP_0,2.0,9.0,30.0,60.0,563.0,214.127,40.104,564.0,342.63,31.233,561.0,367.47,91.25,561.0,556.785,520.013,559.0,381.029,114.92,0.7104795737122558,0.35650623885918004,0.8865248226950355,0.35650623885918004,0.0,18.73,93.4,9.12,24.83,30.16
S_9-Ord_30-I_1-WIP_0,3.0,9.0,30.0,60.0,563.0,236.625,61.645,575.0,323.344,24.513,563.0,371.12,148.48,562.0,550.021,512.105,562.0,381.032,81.29,0.7104795737122558,0.5338078291814947,2.782608695652174,0.7104795737122558,0.5338078291814947,26.05,93.11,7.58,40.01,21.33
S_9-Ord_30-I_1-WIP_0,4.0,9.0,30.0,60.0,565.0,423.64,168.326,564.0,334.343,35.155,563.0,366.42,80.45,563.0,546.279,245.779,563.0,381.087,71.48,1.0619469026548671,0.7104795737122558,0.8865248226950355,0.7104795737122558,0.7104795737122558,39.73,44.99,10.51,21.96,18.76
S_3-Ord_30-I_2-WIP_0,0.0,3.0,30.0,60.0,179.0,199.727,83.074,183.0,128.576,69.218,181.0,158.46,53.82,180.0,220.308,139.846,181.0,169.042,19.99,0.5586592178770949,1.1111111111111112,2.73224043715847,1.6574585635359116,1.6574585635359116,41.59,63.48,53.83,33.96,11.83
S_3-Ord_30-I_2-WIP_0,1.0,3.0,30.0,60.0,180.0,164.611,116.431,188.0,128.249,106.46,178.0,158.65,82.92,181.0,220.721,185.539,179.0,169.07,118.88,1.1111111111111112,1.6574585635359116,5.319148936170213,0.0,0.5586592178770949,70.73,84.06,83.01,52.27,70.31
S_3-Ord_30-I_2-WIP_0,2.0,3.0,30.0,60.0,181.0,153.155,18.232,184.0,127.717,80.912,179.0,157.17,154.05,179.0,220.984,190.45,180.0,169.041,16.53,1.6574585635359116,0.5586592178770949,3.260869565217391,0.5586592178770949,1.1111111111111112,11.9,86.18,63.35,98.01,9.78
S_3-Ord_30-I_2-WIP_0,3.0,3.0,30.0,60.0,181.0,164.108,49.253,182.0,128.875,128.875,178.0,158.49,50.39,181.0,221.306,99.382,182.0,169.145,38.06,1.6574585635359116,1.6574585635359116,2.197802197802198,0.0,2.197802197802198,30.01,44.91,100.0,31.79,22.5
S_3-Ord_30-I_2-WIP_0,4.0,3.0,30.0,60.0,180.0,167.339,115.486,179.0,127.452,34.105,179.0,157.98,44.76,181.0,221.734,211.1,180.0,169.066,22.23,1.1111111111111112,1.6574585635359116,0.5586592178770949,0.5586592178770949,1.1111111111111112,69.01,95.2,26.76,28.33,13.15
S_6-Ord_30-I_2-WIP_0,0.0,6.0,30.0,60.0,447.0,251.227,10.948,459.0,205.785,150.553,451.0,252.62,112.9,450.0,370.315,44.854,447.0,256.1,123.44,0.22371364653243847,0.8888888888888888,2.832244008714597,1.1086474501108647,0.22371364653243847,4.36,12.11,73.16,44.69,48.2
S_6-Ord_30-I_2-WIP_0,1.0,6.0,30.0,60.0,447.0,255.268,91.409,465.0,205.631,19.904,446.0,253.7,75.87,450.0,372.033,351.469,446.0,256.159,93.35,0.22371364653243847,0.8888888888888888,4.086021505376344,0.0,0.0,35.81,94.47,9.68,29.91,36.44
S_6-Ord_30-I_2-WIP_0,2.0,6.0,30.0,60.0,450.0,168.437,85.608,450.0,205.065,64.265,447.0,255.54,163.71,447.0,370.012,331.469,453.0,256.107,16.5,0.8888888888888888,0.22371364653243847,0.8888888888888888,0.22371364653243847,1.545253863134658,50.82,89.58,31.34,64.06,6.44
S_6-Ord_30-I_2-WIP_0,3.0,6.0,30.0,60.0,448.0,148.818,130.499,459.0,202.287,202.287,446.0,256.42,26.01,447.0,370.415,301.152,446.0,256.058,39.1,0.4464285714285714,0.22371364653243847,2.832244008714597,0.0,0.0,87.69,81.3,100.0,10.14,15.27
S_6-Ord_30-I_2-WIP_0,4.0,6.0,30.0,60.0,446.0,140.321,34.079,451.0,206.238,115.192,447.0,256.46,51.43,447.0,370.441,64.651,446.0,256.119,192.35,0.0,0.22371364653243847,1.1086474501108647,0.22371364653243847,0.0,24.29,17.45,55.85,20.05,75.1
S_9-Ord_30-I_2-WIP_0,0.0,9.0,30.0,60.0,250.0,221.324,144.11,263.0,291.873,284.433,246.0,360.69,152.86,253.0,540.681,540.681,255.0,430.041,259.56,2.8000000000000003,3.9525691699604746,7.604562737642586,1.2195121951219512,4.705882352941177,65.11,100.0,97.45,42.38,60.36
S_9-Ord_30-I_2-WIP_0,1.0,9.0,30.0,60.0,255.0,217.348,61.071,249.0,306.964,268.352,245.0,418.16,195.72,251.0,530.192,522.412,246.0,430.038,70.88,4.705882352941177,3.187250996015936,2.4096385542168677,0.8163265306122449,1.2195121951219512,28.1,98.53,87.42,46.81,16.48
S_9-Ord_30-I_2-WIP_0,2.0,9.0,30.0,60.0,247.0,220.353,105.926,265.0,305.54,193.441,246.0,857.3,857.3,256.0,534.794,237.606,248.0,430.242,216.79,1.6194331983805668,5.078125,8.30188679245283,1.2195121951219512,2.0161290322580645,48.07,44.43,63.31,100.0,50.39
S_9-Ord_30-I_2-WIP_0,3.0,9.0,30.0,60.0,254.0,220.072,83.836,260.0,296.995,79.176,250.0,777.85,715.8,248.0,540.423,529.367,248.0,430.023,240.31,4.330708661417323,2.0161290322580645,6.538461538461539,2.8000000000000003,2.0161290322580645,38.09,97.95,26.66,92.02,55.88
S_9-Ord_30-I_2-WIP_0,4.0,9.0,30.0,60.0,250.0,391.666,201.404,251.0,289.598,133.952,243.0,750.84,446.47,252.0,536.492,502.162,246.0,430.045,153.81,2.8000000000000003,3.571428571428571,3.187250996015936,0.0,1.2195121951219512,51.42,93.6,46.25,59.46,35.77
S_3-Ord_50-I_0-WIP_0,0.0,3.0,50.0,104.0,775.0,224.902,22.741,774.0,198.313,57.019,775.0,497.9,106.06,775.0,350.841,342.575,775.0,288.113,8.39,0.12903225806451613,0.12903225806451613,0.0,0.12903225806451613,0.12903225806451613,10.11,97.64,28.75,21.3,2.91
S_3-Ord_50-I_0-WIP_0,1.0,3.0,50.0,104.0,775.0,231.938,11.433,778.0,198.337,4.817,778.0,506.97,316.65,778.0,355.595,5.767,775.0,288.195,73.35,0.12903225806451613,0.5141388174807198,0.5141388174807198,0.5141388174807198,0.12903225806451613,4.93,1.62,2.43,62.46,25.45
S_3-Ord_50-I_0-WIP_0,2.0,3.0,50.0,104.0,775.0,244.912,41.466,787.0,194.661,189.991,775.0,356.69,126.94,778.0,353.157,276.102,775.0,288.031,175.37,0.12903225806451613,0.5141388174807198,1.6518424396442184,0.12903225806451613,0.12903225806451613,16.93,78.18,97.6,35.59,60.89
S_3-Ord_50-I_0-WIP_0,3.0,3.0,50.0,104.0,778.0,230.031,9.556,780.0,194.524,9.274,775.0,239.54,77.36,776.0,348.262,186.851,775.0,288.102,119.02,0.5141388174807198,0.25773195876288657,0.7692307692307693,0.12903225806451613,0.12903225806451613,4.15,53.65,4.77,32.3,41.31
S_3-Ord_50-I_0-WIP_0,4.0,3.0,50.0,104.0,775.0,232.624,9.486,778.0,198.677,4.821,778.0,238.21,14.44,777.0,354.879,225.57,775.0,288.11,99.06,0.12903225806451613,0.3861003861003861,0.5141388174807198,0.5141388174807198,0.12903225806451613,4.08,63.56,2.43,6.06,34.38
S_6-Ord_50-I_0-WIP_0,0.0,6.0,50.0,104.0,842.0,2500.153,2049.867,870.0,437.812,426.867,846.0,485.36,224.45,844.0,774.995,768.389,827.0,1009.231,169.73,1.7814726840855106,2.014218009478673,4.942528735632184,2.2458628841607564,0.0,81.99,99.15,97.5,46.24,16.82
S_6-Ord_50-I_0-WIP_0,1.0,6.0,50.0,104.0,846.0,2408.425,1187.822,877.0,441.979,334.017,838.0,482.32,433.53,852.0,770.253,707.816,840.0,1009.102,458.0,2.2458628841607564,2.9342723004694835,5.701254275940707,1.3126491646778042,1.5476190476190477,49.32,91.89,75.57,89.88,45.39
S_6-Ord_50-I_0-WIP_0,2.0,6.0,50.0,104.0,841.0,1949.584,390.767,888.0,434.727,413.408,832.0,488.46,227.06,848.0,773.948,764.458,835.0,1009.298,470.09,1.6646848989298455,2.4764150943396226,6.86936936936937,0.6009615384615385,0.9580838323353293,20.04,98.77,95.1,46.48,46.58
S_6-Ord_50-I_0-WIP_0,3.0,6.0,50.0,104.0,845.0,2310.642,2264.478,904.0,441.184,235.556,831.0,477.12,477.12,838.0,772.916,656.264,839.0,1009.057,337.41,2.130177514792899,1.3126491646778042,8.517699115044246,0.48134777376654636,1.430274135876043,98.0,84.91,53.39,100.0,33.44
S_6-Ord_50-I_0-WIP_0,4.0,6.0,50.0,104.0,827.0,2529.037,2504.106,891.0,431.892,210.562,840.0,490.34,210.95,846.0,773.591,732.126,845.0,1009.273,67.08,0.0,2.2458628841607564,7.182940516273851,1.5476190476190477,2.130177514792899,99.01,94.64,48.75,43.02,6.65
S_9-Ord_50-I_0-WIP_0,0.0,9.0,50.0,104.0,817.0,1870.468,1523.518,839.0,577.478,563.838,825.0,652.69,577.14,824.0,1005.913,977.504,817.0,859.458,392.86,1.4687882496940026,2.3058252427184467,4.052443384982122,2.4242424242424243,1.4687882496940026,81.45,97.18,97.64,88.42,45.71
S_9-Ord_50-I_0-WIP_0,1.0,9.0,50.0,104.0,819.0,741.164,357.366,826.0,578.797,362.545,805.0,649.66,584.73,828.0,1007.259,844.551,829.0,859.225,133.83,1.7094017094017095,2.7777777777777777,2.5423728813559325,0.0,2.8950542822677927,48.22,83.85,62.64,90.01,15.58
S_9-Ord_50-I_0-WIP_0,2.0,9.0,50.0,104.0,829.0,1294.183,651.718,834.0,558.231,223.352,818.0,667.69,667.69,820.0,1007.61,967.27,818.0,859.376,382.73,2.8950542822677927,1.8292682926829267,3.477218225419664,1.5892420537897312,1.5892420537897312,50.36,96.0,40.01,100.0,44.54
S_9-Ord_50-I_0-WIP_0,3.0,9.0,50.0,104.0,822.0,972.952,521.374,833.0,586.201,356.752,829.0,643.52,468.64,831.0,1007.373,997.01,819.0,859.432,111.42,2.068126520681265,3.1287605294825513,3.361344537815126,2.8950542822677927,1.7094017094017095,53.59,98.97,60.86,72.82,12.96
S_9-Ord_50-I_0-WIP_0,4.0,9.0,50.0,104.0,825.0,1107.41,878.645,856.0,573.49,433.218,812.0,669.97,365.27,821.0,1008.556,810.184,829.0,859.192,65.13,2.4242424242424243,1.9488428745432398,5.957943925233645,0.8620689655172413,2.8950542822677927,79.34,80.33,75.54,54.52,7.58
S_3-Ord_50-I_1-WIP_0,0.0,3.0,50.0,104.0,399.0,135.326,40.393,404.0,231.733,226.72,395.0,254.25,180.66,401.0,415.492,245.958,395.0,268.118,137.44,1.5037593984962405,1.99501246882793,2.722772277227723,0.5063291139240507,0.5063291139240507,29.85,59.2,97.84,71.06,51.26
S_3-Ord_50-I_1-WIP_0,1.0,3.0,50.0,104.0,395.0,143.239,47.767,411.0,237.266,124.672,394.0,267.06,39.3,396.0,414.996,399.786,397.0,268.129,66.58,0.5063291139240507,0.7575757575757576,4.37956204379562,0.25380710659898476,1.0075566750629723,33.35,96.33,52.55,14.72,24.83
S_3-Ord_50-I_1-WIP_0,2.0,3.0,50.0,104.0,394.0,141.411,5.535,397.0,235.27,78.659,395.0,266.07,249.6,396.0,439.022,398.151,395.0,268.12,214.73,0.25380710659898476,0.7575757575757576,1.0075566750629723,0.5063291139240507,0.5063291139240507,3.91,90.69,33.43,93.81,80.09
S_3-Ord_50-I_1-WIP_0,3.0,3.0,50.0,104.0,399.0,153.525,5.815,398.0,243.993,80.035,397.0,279.25,229.69,397.0,432.676,332.299,395.0,268.091,239.95,1.5037593984962405,1.0075566750629723,1.256281407035176,1.0075566750629723,0.5063291139240507,3.79,76.8,32.8,82.25,89.5
S_3-Ord_50-I_1-WIP_0,4.0,3.0,50.0,104.0,395.0,149.574,45.234,396.0,237.172,237.172,394.0,274.6,235.96,397.0,410.214,377.739,393.0,268.108,132.1,0.5063291139240507,1.0075566750629723,0.7575757575757576,0.25380710659898476,0.0,30.24,92.08,100.0,85.93,49.27
S_6-Ord_50-I_1-WIP_0,0.0,6.0,50.0,104.0,836.0,215.263,36.623,843.0,327.497,55.041,825.0,410.96,311.98,839.0,609.279,582.665,838.0,396.097,129.65,1.3157894736842104,1.66865315852205,2.135231316725979,0.0,1.5513126491646778,17.01,95.63,16.81,75.91,32.73
S_6-Ord_50-I_1-WIP_0,1.0,6.0,50.0,104.0,825.0,237.929,216.742,838.0,329.734,48.804,837.0,416.16,348.98,829.0,610.633,546.327,832.0,396.258,373.97,0.0,0.48250904704463204,1.5513126491646778,1.4336917562724014,0.8413461538461539,91.1,89.47,14.8,83.86,94.38
S_6-Ord_50-I_1-WIP_0,2.0,6.0,50.0,104.0,825.0,228.258,26.669,840.0,329.541,8.016,840.0,407.78,253.32,836.0,608.008,607.678,839.0,396.114,56.74,0.0,1.3157894736842104,1.7857142857142856,1.7857142857142856,1.66865315852205,11.68,99.95,2.43,62.12,14.32
S_6-Ord_50-I_1-WIP_0,3.0,6.0,50.0,104.0,825.0,231.475,43.514,840.0,327.979,63.595,825.0,411.14,346.01,840.0,630.441,531.843,836.0,396.13,237.53,0.0,1.7857142857142856,1.7857142857142856,0.0,1.3157894736842104,18.8,84.36,19.39,84.16,59.96
S_6-Ord_50-I_1-WIP_0,4.0,6.0,50.0,104.0,836.0,231.177,7.884,837.0,329.91,160.916,826.0,411.93,411.93,832.0,608.891,590.15,843.0,396.286,88.02,1.3157894736842104,0.8413461538461539,1.4336917562724014,0.12106537530266344,2.135231316725979,3.41,96.92,48.78,100.0,22.21
S_9-Ord_50-I_1-WIP_0,0.0,9.0,50.0,104.0,647.0,322.764,237.356,655.0,470.505,332.954,641.0,579.75,429.77,652.0,873.381,515.287,645.0,568.053,439.43,1.2364760432766615,1.9938650306748467,2.4427480916030535,0.31201248049922,0.9302325581395349,73.54,59.0,70.77,74.13,77.36
S_9-Ord_50-I_1-WIP_0,1.0,9.0,50.0,104.0,646.0,335.732,53.372,650.0,481.272,170.202,646.0,585.88,585.88,649.0,873.001,769.57,646.0,568.35,425.14,1.08359133126935,1.5408320493066257,1.6923076923076923,1.08359133126935,1.08359133126935,15.9,88.15,35.37,100.0,74.8
S_9-Ord_50-I_1-WIP_0,2.0,9.0,50.0,104.0,645.0,312.198,28.286,662.0,487.96,383.82,646.0,581.38,559.26,646.0,874.193,612.096,646.0,568.331,394.7,0.9302325581395349,1.08359133126935,3.474320241691843,1.08359133126935,1.08359133126935,9.06,70.02,78.66,96.2,69.45
S_9-Ord_50-I_1-WIP_0,3.0,9.0,50.0,104.0,641.0,331.247,86.59,682.0,497.976,375.155,644.0,584.03,304.56,642.0,874.565,866.16,639.0,568.373,54.23,0.31201248049922,0.46728971962616817,6.3049853372434015,0.7763975155279503,0.0,26.14,99.04,75.34,52.15,9.54
S_9-Ord_50-I_1-WIP_0,4.0,9.0,50.0,104.0,654.0,331.627,51.792,653.0,507.673,385.019,653.0,587.23,587.23,645.0,869.004,812.842,658.0,568.158,352.72,2.293577981651376,0.9302325581395349,2.1439509954058193,2.1439509954058193,2.8875379939209727,15.62,93.54,75.84,100.0,62.08
S_3-Ord_50-I_2-WIP_0,0.0,3.0,50.0,104.0,952.0,126.915,18.941,952.0,204.595,4.902,962.0,240.71,58.64,952.0,341.155,243.02,952.0,226.097,191.94,0.0,0.0,0.0,1.0395010395010396,0.0,14.92,71.23,2.4,24.36,84.89
S_3-Ord_50-I_2-WIP_0,1.0,3.0,50.0,104.0,960.0,115.46,4.672,959.0,204.301,39.309,952.0,242.03,9.7,952.0,342.442,161.744,952.0,226.048,10.19,0.8333333333333334,0.0,0.7299270072992701,0.0,0.0,4.05,47.23,19.24,4.01,4.51
S_3-Ord_50-I_2-WIP_0,2.0,3.0,50.0,104.0,962.0,118.161,4.502,952.0,203.17,19.672,960.0,239.53,9.72,952.0,343.057,180.909,952.0,226.066,2.91,1.0395010395010396,0.0,0.0,0.8333333333333334,0.0,3.81,52.73,9.68,4.06,1.29
S_3-Ord_50-I_2-WIP_0,3.0,3.0,50.0,104.0,960.0,120.291,4.556,952.0,204.151,9.811,952.0,239.93,24.08,952.0,340.875,104.919,962.0,226.152,74.15,0.8333333333333334,0.0,0.0,0.0,1.0395010395010396,3.79,30.78,4.81,10.04,32.79
S_3-Ord_50-I_2-WIP_0,4.0,3.0,50.0,104.0,952.0,111.938,4.556,952.0,203.596,19.199,959.0,240.83,119.72,952.0,340.569,140.865,962.0,226.147,4.11,0.0,0.0,0.0,0.7299270072992701,1.0395010395010396,4.07,41.36,9.43,49.71,1.82
S_6-Ord_50-I_2-WIP_0,0.0,6.0,50.0,104.0,842.0,230.749,22.669,836.0,346.821,117.574,831.0,405.06,300.03,832.0,603.536,510.846,835.0,396.195,116.64,2.019002375296912,0.8413461538461539,1.3157894736842104,0.7220216606498195,1.1976047904191618,9.82,84.64,33.9,74.07,29.44
S_6-Ord_50-I_2-WIP_0,1.0,6.0,50.0,104.0,829.0,239.245,138.162,851.0,348.27,245.836,840.0,404.89,258.73,836.0,602.031,579.217,834.0,396.206,325.2,0.48250904704463204,1.3157894736842104,3.055229142185664,1.7857142857142856,1.079136690647482,57.75,96.21,70.59,63.9,82.08
S_6-Ord_50-I_2-WIP_0,2.0,6.0,50.0,104.0,825.0,233.056,66.714,838.0,345.951,50.383,832.0,405.18,73.15,836.0,601.435,344.563,829.0,396.23,101.66,0.0,1.3157894736842104,1.5513126491646778,0.8413461538461539,0.48250904704463204,28.63,57.29,14.56,18.05,25.66
S_6-Ord_50-I_2-WIP_0,3.0,6.0,50.0,104.0,836.0,228.026,37.684,842.0,347.138,236.611,846.0,405.3,364.83,832.0,598.866,516.58,832.0,396.041,366.42,1.3157894736842104,0.8413461538461539,2.019002375296912,2.4822695035460995,0.8413461538461539,16.53,86.26,68.16,90.01,92.52
S_6-Ord_50-I_2-WIP_0,4.0,6.0,50.0,104.0,825.0,224.94,36.029,839.0,347.274,126.659,829.0,408.15,130.85,838.0,602.294,558.821,825.0,396.24,188.49,0.0,1.5513126491646778,1.66865315852205,0.48250904704463204,0.0,16.02,92.78,36.47,32.06,47.57
S_9-Ord_50-I_2-WIP_0,0.0,9.0,50.0,104.0,420.0,352.606,181.999,446.0,508.248,298.909,420.0,581.36,420.09,428.0,887.131,874.057,424.0,586.028,287.87,1.4285714285714286,3.2710280373831773,7.174887892376682,1.4285714285714286,2.358490566037736,51.62,98.53,58.81,72.26,49.12
S_9-Ord_50-I_2-WIP_0,1.0,9.0,50.0,104.0,433.0,343.56,40.508,435.0,528.428,432.106,417.0,581.78,547.56,430.0,885.206,793.666,432.0,586.206,267.56,4.387990762124711,3.7209302325581395,4.827586206896552,0.7194244604316548,4.166666666666666,11.79,89.66,81.77,94.12,45.64
S_9-Ord_50-I_2-WIP_0,2.0,9.0,50.0,104.0,427.0,346.051,226.766,435.0,503.853,441.735,417.0,599.6,462.74,432.0,884.647,867.663,422.0,586.019,310.46,3.0444964871194378,4.166666666666666,4.827586206896552,0.7194244604316548,1.8957345971563981,65.53,98.08,87.67,77.17,52.98
S_9-Ord_50-I_2-WIP_0,3.0,9.0,50.0,104.0,428.0,365.571,166.367,427.0,507.687,444.51,414.0,592.88,247.54,426.0,884.657,796.081,420.0,586.035,368.55,3.2710280373831773,2.8169014084507045,3.0444964871194378,0.0,1.4285714285714286,45.51,89.99,87.56,41.75,62.89
S_9-Ord_50-I_2-WIP_0,4.0,9.0,50.0,104.0,424.0,373.742,344.129,426.0,506.986,406.278,418.0,578.34,509.31,425.0,898.544,870.032,415.0,586.214,403.98,2.358490566037736,2.588235294117647,2.8169014084507045,0.9569377990430622,0.24096385542168677,92.08,96.83,80.14,88.06,68.91
S_3-Ord_100-I_0-WIP_0,0.0,3.0,100.0,216.0,754.0,1817.329,1128.947,759.0,459.679,437.726,759.0,472.31,413.52,764.0,743.188,735.35,761.0,686.108,613.44,0.0,1.3089005235602094,0.6587615283267457,0.6587615283267457,0.9198423127463863,62.12,98.95,95.22,87.55,89.41
S_3-Ord_100-I_0-WIP_0,1.0,3.0,100.0,216.0,759.0,645.769,329.066,774.0,446.378,341.082,763.0,464.49,381.33,760.0,736.822,678.781,759.0,686.291,509.45,0.6587615283267457,0.7894736842105263,2.5839793281653747,1.1795543905635648,0.6587615283267457,50.96,92.12,76.41,82.1,74.23
S_3-Ord_100-I_0-WIP_0,2.0,3.0,100.0,216.0,761.0,758.499,640.078,762.0,457.675,437.236,758.0,468.7,295.64,764.0,724.92,500.703,760.0,686.251,269.7,0.9198423127463863,1.3089005235602094,1.0498687664041995,0.5277044854881267,0.7894736842105263,84.39,69.07,95.53,63.08,39.3
S_3-Ord_100-I_0-WIP_0,3.0,3.0,100.0,216.0,764.0,988.948,858.876,784.0,439.148,271.033,756.0,454.78,235.02,763.0,766.614,708.538,756.0,686.053,229.07,1.3089005235602094,1.1795543905635648,3.826530612244898,0.26455026455026454,0.26455026455026454,86.85,92.42,61.72,51.68,33.39
S_3-Ord_100-I_0-WIP_0,4.0,3.0,100.0,216.0,761.0,1186.231,1023.877,773.0,459.03,188.153,761.0,482.87,482.87,763.0,750.143,622.459,762.0,686.045,600.96,0.9198423127463863,1.1795543905635648,2.457956015523933,0.9198423127463863,1.0498687664041995,86.31,82.98,40.99,100.0,87.6
S_6-Ord_100-I_0-WIP_0,0.0,6.0,100.0,216.0,1749.0,420.368,15.654,1741.0,716.954,295.84,1737.0,840.16,483.52,1747.0,1236.098,1097.075,1737.0,809.354,276.75,0.6861063464837049,0.5724098454493417,0.22975301550832855,0.0,0.0,3.72,88.75,41.26,57.55,34.19
S_6-Ord_100-I_0-WIP_0,1.0,6.0,100.0,216.0,1737.0,466.142,116.342,1746.0,726.01,157.725,1750.0,830.61,267.56,1752.0,1234.31,784.662,1747.0,809.171,691.32,0.0,0.8561643835616438,0.5154639175257731,0.7428571428571429,0.5724098454493417,24.96,63.57,21.72,32.21,85.44
S_6-Ord_100-I_0-WIP_0,2.0,6.0,100.0,216.0,1744.0,436.872,15.888,1737.0,724.17,266.92,1747.0,827.73,777.94,1753.0,1231.179,45.016,1750.0,809.103,256.39,0.40137614678899086,0.912721049629207,0.0,0.5724098454493417,0.7428571428571429,3.64,3.66,36.86,93.98,31.69
S_6-Ord_100-I_0-WIP_0,3.0,6.0,100.0,216.0,1750.0,453.892,15.722,1737.0,728.081,141.144,1742.0,826.05,529.15,1753.0,1236.21,442.034,1742.0,809.478,292.73,0.7428571428571429,0.912721049629207,0.0,0.28702640642939153,0.28702640642939153,3.46,35.76,19.39,64.06,36.16
S_6-Ord_100-I_0-WIP_0,4.0,6.0,100.0,216.0,1737.0,461.197,243.299,1753.0,720.612,51.842,1750.0,831.98,17.23,1742.0,1232.958,751.13,1750.0,809.406,30.36,0.0,0.28702640642939153,0.912721049629207,0.7428571428571429,0.7428571428571429,52.75,60.92,7.19,2.07,3.75
S_9-Ord_100-I_0-WIP_0,0.0,9.0,100.0,216.0,1519.0,1093.264,715.132,1513.0,1295.548,762.587,1510.0,1433.46,828.65,1536.0,2163.81,669.436,1528.0,1473.013,285.94,0.7899934167215273,1.8880208333333333,0.39656311962987445,0.1986754966887417,1.37434554973822,65.41,30.94,58.86,57.81,19.41
S_9-Ord_100-I_0-WIP_0,1.0,9.0,100.0,216.0,1516.0,1047.329,1021.169,1513.0,1323.518,356.662,1512.0,1440.21,835.14,1524.0,2169.568,1933.402,1531.0,1472.864,483.45,0.5936675461741424,1.1154855643044619,0.39656311962987445,0.3306878306878307,1.5676028739386023,97.5,89.11,26.95,57.99,32.82
S_9-Ord_100-I_0-WIP_0,2.0,9.0,100.0,216.0,1524.0,990.65,324.093,1542.0,1351.892,761.124,1507.0,1447.32,558.14,1515.0,2179.267,1990.049,1515.0,1472.034,1404.42,1.1154855643044619,0.528052805280528,2.2697795071335927,0.0,0.528052805280528,32.72,91.32,56.3,38.56,95.41
S_9-Ord_100-I_0-WIP_0,3.0,9.0,100.0,216.0,1525.0,784.86,399.16,1529.0,1294.059,724.787,1523.0,1457.11,621.54,1518.0,2169.131,1725.035,1515.0,1472.102,684.61,1.180327868852459,0.7246376811594203,1.4388489208633095,1.0505581089954037,0.528052805280528,50.86,79.53,56.01,42.66,46.51
S_9-Ord_100-I_0-WIP_0,4.0,9.0,100.0,216.0,1510.0,816.146,198.588,1514.0,1329.857,450.175,1515.0,1445.76,519.59,1522.0,2197.497,1947.192,1517.0,1472.382,1230.23,0.1986754966887417,0.985545335085414,0.4623513870541612,0.528052805280528,0.6591957811470006,24.33,88.61,33.85,35.94,83.55
S_3-Ord_100-I_1-WIP_0,0.0,3.0,100.0,216.0,872.0,742.145,674.851,877.0,464.856,363.81,870.0,445.05,301.04,873.0,769.39,60.499,870.0,669.057,187.3,0.6880733944954129,0.8018327605956471,1.2542759407069555,0.45977011494252873,0.45977011494252873,90.93,7.86,78.26,67.64,27.99
S_3-Ord_100-I_1-WIP_0,1.0,3.0,100.0,216.0,871.0,1156.572,909.195,886.0,465.337,296.037,871.0,485.82,239.04,868.0,760.242,668.322,872.0,669.372,274.81,0.5740528128587831,0.2304147465437788,2.2573363431151243,0.5740528128587831,0.6880733944954129,78.61,87.91,63.62,49.2,41.05
S_3-Ord_100-I_1-WIP_0,2.0,3.0,100.0,216.0,872.0,1073.617,159.512,892.0,456.833,293.114,870.0,485.22,441.26,866.0,767.001,689.404,869.0,669.312,472.82,0.6880733944954129,0.0,2.914798206278027,0.45977011494252873,0.34522439585730724,14.86,89.88,64.16,90.94,70.64
S_3-Ord_100-I_1-WIP_0,3.0,3.0,100.0,216.0,868.0,1199.77,998.958,886.0,466.236,195.674,870.0,483.46,197.39,869.0,755.267,744.771,866.0,669.228,514.89,0.2304147465437788,0.34522439585730724,2.2573363431151243,0.45977011494252873,0.0,83.26,98.61,41.97,40.83,76.94
S_3-Ord_100-I_1-WIP_0,4.0,3.0,100.0,216.0,866.0,720.432,630.715,881.0,456.789,412.672,870.0,472.62,125.1,871.0,761.714,760.687,867.0,669.09,145.27,0.0,0.5740528128587831,1.70261066969353,0.45977011494252873,0.11534025374855825,87.55,99.87,90.34,26.47,21.71
S_6-Ord_100-I_1-WIP_0,0.0,6.0,100.0,216.0,619.0,581.197,272.699,619.0,817.776,507.383,616.0,872.28,625.88,623.0,1416.135,1370.576,627.0,932.142,137.28,1.4539579967689822,2.086677367576244,1.4539579967689822,0.974025974025974,2.711323763955343,46.92,96.78,62.04,71.75,14.73
S_6-Ord_100-I_1-WIP_0,1.0,6.0,100.0,216.0,614.0,567.663,311.164,648.0,853.603,476.858,623.0,907.31,468.41,627.0,1412.304,1297.658,625.0,932.324,564.29,0.6514657980456027,2.711323763955343,5.864197530864197,2.086677367576244,2.4,54.81,91.88,55.86,51.63,60.53
S_6-Ord_100-I_1-WIP_0,2.0,6.0,100.0,216.0,610.0,585.795,514.057,635.0,796.613,487.366,625.0,921.85,706.09,625.0,1411.297,1134.273,621.0,932.436,368.97,0.0,2.4,3.937007874015748,2.4,1.7713365539452495,87.75,80.37,61.18,76.59,39.57
S_6-Ord_100-I_1-WIP_0,3.0,6.0,100.0,216.0,624.0,627.753,269.103,626.0,831.578,363.621,617.0,888.79,700.44,631.0,1400.513,610.913,621.0,932.503,828.71,2.2435897435897436,3.328050713153724,2.5559105431309903,1.1345218800648298,1.7713365539452495,42.87,43.62,43.73,78.81,88.87
S_6-Ord_100-I_1-WIP_0,4.0,6.0,100.0,216.0,623.0,618.29,291.397,647.0,849.437,285.109,620.0,894.79,788.23,625.0,1394.477,1242.949,626.0,932.368,129.48,2.086677367576244,2.4,5.7187017001545595,1.6129032258064515,2.5559105431309903,47.13,89.13,33.56,88.09,13.89
S_9-Ord_100-I_1-WIP_0,0.0,9.0,100.0,216.0,939.0,719.591,647.746,941.0,1159.791,454.064,922.0,1356.5,1356.5,942.0,2055.953,1836.17,933.0,1332.119,1136.84,1.810436634717785,2.1231422505307855,2.0191285866099893,0.0,1.1789924973204717,90.02,89.31,39.15,100.0,85.34
S_9-Ord_100-I_1-WIP_0,1.0,9.0,100.0,216.0,939.0,800.768,294.104,941.0,1204.509,718.34,934.0,1357.19,1304.09,938.0,2052.505,871.547,924.0,1332.81,933.7,1.810436634717785,1.7057569296375266,2.0191285866099893,1.284796573875803,0.21645021645021645,36.73,42.46,59.64,96.09,70.05
S_9-Ord_100-I_1-WIP_0,2.0,9.0,100.0,216.0,931.0,753.207,448.948,948.0,1180.349,57.035,933.0,1315.85,973.81,940.0,2050.347,1979.991,932.0,1332.228,947.31,0.966702470461869,1.9148936170212765,2.7426160337552745,1.1789924973204717,1.0729613733905579,59.6,96.57,4.83,74.01,71.11
S_9-Ord_100-I_1-WIP_0,3.0,9.0,100.0,216.0,941.0,737.956,74.115,943.0,1191.667,962.779,930.0,1325.6,1220.37,940.0,2007.973,1698.376,937.0,1332.852,1202.86,2.0191285866099893,1.9148936170212765,2.2269353128313893,0.8602150537634409,1.6008537886872998,10.04,84.58,80.79,92.06,90.25
S_9-Ord_100-I_1-WIP_0,4.0,9.0,100.0,216.0,935.0,788.245,392.102,946.0,1180.69,810.309,930.0,1337.19,724.59,943.0,2068.729,1313.887,930.0,1332.712,1100.22,1.3903743315508021,2.2269353128313893,2.536997885835095,0.8602150537634409,0.8602150537634409,49.74,63.51,68.63,54.19,82.55
S_3-Ord_100-I_2-WIP_0,0.0,3.0,100.0,216.0,590.0,435.531,186.192,600.0,452.08,396.705,585.0,451.68,243.94,591.0,735.747,523.061,586.0,528.164,429.99,1.1864406779661016,1.353637901861252,2.833333333333333,0.3418803418803419,0.5119453924914675,42.75,71.09,87.75,54.01,81.41
S_3-Ord_100-I_2-WIP_0,1.0,3.0,100.0,216.0,587.0,362.828,154.033,596.0,457.256,146.602,585.0,489.39,194.87,591.0,736.173,722.468,585.0,528.289,200.64,0.6814310051107325,1.353637901861252,2.1812080536912752,0.3418803418803419,0.3418803418803419,42.45,98.14,32.06,39.82,37.98
S_3-Ord_100-I_2-WIP_0,2.0,3.0,100.0,216.0,583.0,531.861,320.152,600.0,440.179,132.706,586.0,445.15,172.72,587.0,732.378,646.779,589.0,528.211,28.46,0.0,0.6814310051107325,2.833333333333333,0.5119453924914675,1.0186757215619695,60.19,88.31,30.15,38.8,5.39
S_3-Ord_100-I_2-WIP_0,3.0,3.0,100.0,216.0,587.0,445.562,434.438,611.0,438.549,355.181,583.0,482.57,261.22,586.0,757.904,747.234,589.0,528.137,203.46,0.6814310051107325,0.5119453924914675,4.582651391162029,0.0,1.0186757215619695,97.5,98.59,80.99,54.13,38.52
S_3-Ord_100-I_2-WIP_0,4.0,3.0,100.0,216.0,585.0,447.06,107.032,601.0,452.876,156.946,587.0,494.18,391.21,588.0,764.349,685.447,586.0,528.086,145.58,0.3418803418803419,0.8503401360544218,2.995008319467554,0.6814310051107325,0.5119453924914675,23.94,89.68,34.66,79.16,27.57
S_6-Ord_100-I_2-WIP_0,0.0,6.0,100.0,216.0,1503.0,1182.8,1120.99,1656.0,1042.816,686.49,1504.0,1142.95,764.3,1514.0,1693.783,1653.136,1504.0,1265.624,775.19,0.19960079840319359,0.9247027741083224,9.420289855072465,0.26595744680851063,0.26595744680851063,94.77,97.6,65.83,66.87,61.25
S_6-Ord_100-I_2-WIP_0,1.0,6.0,100.0,216.0,1518.0,1130.737,955.717,1546.0,1023.42,848.657,1504.0,1175.92,1108.94,1510.0,1698.611,1695.049,1505.0,1265.16,1022.31,1.185770750988142,0.6622516556291391,2.975420439844761,0.26595744680851063,0.33222591362126247,84.52,99.79,82.92,94.3,80.8
S_6-Ord_100-I_2-WIP_0,2.0,6.0,100.0,216.0,1519.0,1143.562,1137.479,1622.0,1033.627,684.697,1502.0,1173.29,1103.13,1526.0,1700.146,1694.763,1506.0,1265.725,680.37,1.2508229098090848,1.7038007863695939,7.52157829839704,0.13315579227696406,0.398406374501992,99.47,99.68,66.24,94.02,53.75
S_6-Ord_100-I_2-WIP_0,3.0,6.0,100.0,216.0,1513.0,1175.453,1079.834,1582.0,1035.897,934.977,1501.0,1186.88,1140.56,1519.0,1698.121,1693.655,1505.0,1265.217,857.75,0.8592200925313946,1.2508229098090848,5.183312262958281,0.06662225183211193,0.33222591362126247,91.87,99.74,90.26,96.1,67.79
S_6-Ord_100-I_2-WIP_0,4.0,6.0,100.0,216.0,1509.0,1168.172,937.343,1632.0,1048.27,794.379,1502.0,1162.59,512.88,1501.0,1692.358,1678.17,1500.0,1265.179,474.86,0.5964214711729622,0.06662225183211193,8.088235294117647,0.13315579227696406,0.0,80.24,99.16,75.78,44.12,37.53
S_9-Ord_100-I_2-WIP_0,0.0,9.0,100.0,216.0,1523.0,1733.753,1546.5,1542.0,1565.642,1034.504,1534.0,1700.52,708.91,1531.0,2539.973,2416.626,1521.0,1862.074,1445.1,0.6565988181221274,1.1757021554539515,1.880674448767834,1.3689700130378095,0.5259697567389875,89.2,95.14,66.08,41.69,77.61
S_9-Ord_100-I_2-WIP_0,1.0,9.0,100.0,216.0,1528.0,1764.465,1721.152,1569.0,1559.855,1102.25,1518.0,1669.67,1436.45,1528.0,2529.96,2410.216,1527.0,1863.01,680.3,0.981675392670157,0.981675392670157,3.5691523263224987,0.32938076416337286,0.9168303863785201,97.55,95.27,70.66,86.03,36.52
S_9-Ord_100-I_2-WIP_0,2.0,9.0,100.0,216.0,1533.0,1611.798,787.52,1562.0,1562.666,1254.141,1535.0,1688.86,1371.14,1528.0,2532.662,2316.75,1513.0,1862.117,1835.0,1.304631441617743,0.981675392670157,3.1370038412291934,1.4332247557003257,0.0,48.86,91.47,80.26,81.19,98.54
S_9-Ord_100-I_2-WIP_0,3.0,9.0,100.0,216.0,1521.0,1731.02,1641.666,1612.0,1471.978,1087.213,1525.0,1677.59,1379.02,1518.0,2541.007,2512.197,1517.0,1862.233,1171.1,0.5259697567389875,0.32938076416337286,6.141439205955335,0.7868852459016393,0.26367831245880025,94.84,98.87,73.86,82.2,62.89
S_9-Ord_100-I_2-WIP_0,4.0,9.0,100.0,216.0,1526.0,1674.717,942.964,1593.0,1441.613,1441.613,1513.0,1714.75,664.71,1524.0,2521.909,2418.938,1520.0,1862.359,1740.43,0.8519003931847969,0.7217847769028871,5.021971123666039,0.0,0.4605263157894736,56.31,95.92,100.0,38.76,93.45
S_3-Ord_150-I_0-WIP_0,0.0,3.0,150.0,315.0,1084.0,650.915,14.869,1095.0,619.444,104.821,1086.0,701.94,451.07,1090.0,1094.022,689.596,1086.0,761.265,480.83,0.18450184501845018,0.7339449541284404,1.187214611872146,0.3683241252302026,0.3683241252302026,2.28,63.03,16.92,64.26,63.16
S_3-Ord_150-I_0-WIP_0,1.0,3.0,150.0,315.0,1087.0,580.988,14.457,1099.0,619.572,381.241,1087.0,679.32,355.13,1090.0,1083.753,229.725,1087.0,761.152,594.98,0.45998160073597055,0.7339449541284404,1.5468607825295724,0.45998160073597055,0.45998160073597055,2.49,21.2,61.53,52.28,78.17
S_3-Ord_150-I_0-WIP_0,2.0,3.0,150.0,315.0,1086.0,577.81,124.46,1088.0,605.793,328.651,1084.0,675.44,481.91,1088.0,1105.839,1081.336,1086.0,761.1,633.7,0.3683241252302026,0.5514705882352942,0.5514705882352942,0.18450184501845018,0.3683241252302026,21.54,97.78,54.25,71.35,83.26
S_3-Ord_150-I_0-WIP_0,3.0,3.0,150.0,315.0,1085.0,668.845,558.421,1084.0,609.958,344.408,1084.0,679.88,518.62,1089.0,1101.507,1078.709,1086.0,761.281,422.57,0.2764976958525346,0.642791551882461,0.18450184501845018,0.18450184501845018,0.3683241252302026,83.49,97.93,56.46,76.28,55.51
S_3-Ord_150-I_0-WIP_0,4.0,3.0,150.0,315.0,1082.0,742.175,265.669,1097.0,612.597,433.62,1084.0,702.86,303.64,1089.0,1099.214,958.076,1089.0,761.252,234.21,0.0,0.642791551882461,1.367365542388332,0.18450184501845018,0.642791551882461,35.8,87.16,70.78,43.2,30.77
S_6-Ord_150-I_0-WIP_0,0.0,6.0,150.0,315.0,2317.0,764.682,112.625,2321.0,1519.753,368.842,2329.0,1857.85,411.0,2321.0,2691.347,2244.06,2319.0,1706.01,762.38,0.04315925766076824,0.2154243860404998,0.2154243860404998,0.55817947617003,0.129366106080207,14.73,83.38,24.27,22.12,44.69
S_6-Ord_150-I_0-WIP_0,1.0,6.0,150.0,315.0,2322.0,768.724,125.234,2334.0,1526.955,669.884,2329.0,1858.48,371.99,2316.0,2666.737,2279.127,2318.0,1705.287,1535.26,0.2583979328165375,0.0,0.7712082262210797,0.55817947617003,0.08628127696289906,16.29,85.47,43.87,20.02,90.03
S_6-Ord_150-I_0-WIP_0,2.0,6.0,150.0,315.0,2326.0,750.356,135.576,2339.0,1529.605,521.862,2321.0,1851.46,1035.09,2325.0,2684.497,2184.542,2324.0,1705.005,520.27,0.4299226139294927,0.3870967741935484,0.9833262077811031,0.2154243860404998,0.34423407917383825,18.07,81.38,34.12,55.91,30.51
S_6-Ord_150-I_0-WIP_0,3.0,6.0,150.0,315.0,2325.0,720.523,30.994,2337.0,1511.573,477.143,2318.0,1847.64,1775.03,2334.0,2694.314,953.921,2324.0,1705.597,1378.16,0.3870967741935484,0.7712082262210797,0.8985879332477535,0.08628127696289906,0.34423407917383825,4.3,35.4,31.57,96.07,80.8
S_6-Ord_150-I_0-WIP_0,4.0,6.0,150.0,315.0,2319.0,779.726,93.921,2356.0,1539.536,1428.536,2321.0,1846.96,1846.96,2322.0,2688.811,2561.093,2322.0,1705.885,1114.04,0.129366106080207,0.2583979328165375,1.697792869269949,0.2154243860404998,0.2583979328165375,12.05,95.25,92.79,100.0,65.31
S_9-Ord_150-I_0-WIP_0,0.0,9.0,150.0,315.0,1240.0,2340.711,1518.72,1308.0,2013.526,1375.541,1230.0,2391.47,2296.74,1242.0,3575.062,3402.532,1212.0,2604.576,2528.42,2.258064516129032,2.4154589371980677,7.339449541284404,1.4634146341463417,0.0,64.88,95.17,68.32,96.04,97.08
S_9-Ord_150-I_0-WIP_0,1.0,9.0,150.0,315.0,1237.0,2491.732,2485.616,1283.0,2019.377,1428.719,1224.0,2389.2,2112.33,1248.0,3568.516,3566.519,1226.0,2604.778,1940.77,2.021018593371059,2.8846153846153846,5.533904910366329,0.9803921568627451,1.1419249592169658,99.75,99.94,70.75,88.41,74.51
S_9-Ord_150-I_0-WIP_0,2.0,9.0,150.0,315.0,1228.0,2426.734,1083.634,1297.0,2016.965,2016.965,1220.0,2401.67,2401.67,1253.0,3568.276,3082.084,1212.0,2604.087,2591.64,1.3029315960912053,3.2721468475658417,6.553585196607556,0.6557377049180327,0.0,44.65,86.37,100.0,100.0,99.52
S_9-Ord_150-I_0-WIP_0,3.0,9.0,150.0,315.0,1221.0,2445.461,1958.475,1282.0,2012.034,1228.102,1244.0,2443.32,2345.74,1247.0,3568.844,3555.294,1230.0,2604.011,2225.73,0.7371007371007371,2.8067361668003206,5.46021840873635,2.572347266881029,1.4634146341463417,80.09,99.62,61.04,96.01,85.47
S_9-Ord_150-I_0-WIP_0,4.0,9.0,150.0,315.0,1243.0,2459.187,1793.185,1296.0,2016.268,1033.459,1224.0,2353.85,2214.6,1242.0,3568.538,3424.702,1231.0,2605.288,1814.64,2.49396621078037,2.4154589371980677,6.481481481481481,0.9803921568627451,1.543460601137287,72.92,95.97,51.26,94.08,69.65
S_3-Ord_150-I_1-WIP_0,0.0,3.0,150.0,315.0,897.0,562.412,445.402,896.0,620.371,188.629,895.0,667.05,286.07,899.0,1082.013,1012.561,899.0,781.458,443.18,0.6688963210702341,0.8898776418242491,0.5580357142857143,0.44692737430167595,0.8898776418242491,79.19,93.58,30.41,42.89,56.71
S_3-Ord_150-I_1-WIP_0,1.0,3.0,150.0,315.0,891.0,1255.855,1152.237,911.0,615.369,334.164,898.0,701.2,384.59,895.0,1099.378,920.468,894.0,781.06,591.99,0.0,0.44692737430167595,2.1953896816684964,0.779510022271715,0.33557046979865773,91.75,83.73,54.3,54.85,75.79
S_3-Ord_150-I_1-WIP_0,2.0,3.0,150.0,315.0,904.0,688.25,499.682,910.0,618.981,177.303,892.0,689.95,557.11,901.0,1112.149,967.567,896.0,781.312,669.56,1.4380530973451326,1.1098779134295227,2.0879120879120876,0.11210762331838565,0.5580357142857143,72.6,87.0,28.64,80.75,85.7
S_3-Ord_150-I_1-WIP_0,3.0,3.0,150.0,315.0,901.0,541.452,14.663,908.0,614.68,436.868,908.0,694.74,374.14,900.0,1099.735,1022.992,892.0,781.146,222.17,1.1098779134295227,1.0,1.8722466960352422,1.8722466960352422,0.11210762331838565,2.71,93.02,71.07,53.85,28.44
S_3-Ord_150-I_1-WIP_0,4.0,3.0,150.0,315.0,900.0,534.632,461.495,905.0,609.651,446.937,902.0,710.68,388.79,893.0,1092.209,785.178,894.0,781.053,382.2,1.0,0.22396416573348266,1.5469613259668509,1.2195121951219512,0.33557046979865773,86.32,71.89,73.31,54.71,48.93
S_6-Ord_150-I_1-WIP_0,0.0,6.0,150.0,315.0,2162.0,787.481,470.777,2188.0,1309.859,1246.043,2175.0,1609.86,1577.57,2179.0,2385.498,572.715,2171.0,1516.494,1472.57,0.04625346901017577,0.8260670032124828,1.23400365630713,0.6436781609195402,0.4606172270842929,59.78,24.01,95.13,97.99,97.1
S_6-Ord_150-I_1-WIP_0,1.0,6.0,150.0,315.0,2165.0,774.254,96.813,2177.0,1301.283,1269.46,2163.0,1604.13,1124.69,2174.0,2380.749,,2165.0,1516.039,554.35,0.18475750577367206,0.5979760809567618,0.7349563619660082,0.09246417013407304,0.18475750577367206,12.5,,97.55,70.11,36.57
S_6-Ord_150-I_1-WIP_0,2.0,6.0,150.0,315.0,2164.0,791.007,412.431,2173.0,1316.078,769.262,2177.0,1612.47,484.5,2169.0,2373.399,2007.223,2179.0,1516.446,715.43,0.13863216266173753,0.3688335638543107,0.5522319374137138,0.7349563619660082,0.8260670032124828,52.14,84.57,58.45,30.05,47.18
S_6-Ord_150-I_1-WIP_0,3.0,6.0,150.0,315.0,2166.0,737.559,209.138,2178.0,1312.23,1248.522,2163.0,1612.12,421.14,2164.0,2375.284,1897.229,2175.0,1516.342,1344.59,0.23084025854108958,0.13863216266173753,0.7805325987144168,0.09246417013407304,0.6436781609195402,28.36,79.87,95.15,26.12,88.67
S_6-Ord_150-I_1-WIP_0,4.0,6.0,150.0,315.0,2169.0,718.548,256.398,2192.0,1313.512,95.119,2174.0,1614.91,609.56,2179.0,2383.644,2284.676,2161.0,1516.313,1410.32,0.3688335638543107,0.8260670032124828,1.4142335766423357,0.5979760809567618,0.0,35.68,95.85,7.24,37.75,93.01
S_9-Ord_150-I_1-WIP_0,0.0,9.0,150.0,315.0,2209.0,2030.08,1668.638,2211.0,2245.247,823.556,2213.0,2605.7,1682.39,2223.0,3912.298,1194.595,2219.0,2642.004,1131.15,0.5885015844273427,1.214574898785425,0.6784260515603799,0.7681879801174876,1.0365029292474088,82.2,30.53,36.68,64.57,42.81
S_9-Ord_150-I_1-WIP_0,1.0,9.0,150.0,315.0,2196.0,2554.191,2185.165,2233.0,2214.164,968.232,2200.0,2579.23,1448.07,2212.0,3896.649,3163.308,2200.0,2643.263,1150.27,0.0,0.7233273056057866,1.6569637259292433,0.18181818181818182,0.18181818181818182,85.55,81.18,43.73,56.14,43.52
S_9-Ord_150-I_1-WIP_0,2.0,9.0,150.0,315.0,2209.0,1599.88,360.533,2213.0,2214.87,326.36,2206.0,2607.97,2607.97,2207.0,3905.237,3877.94,2203.0,2643.638,2513.75,0.5885015844273427,0.4984141368373357,0.7681879801174876,0.45330915684496825,0.3177485247389923,22.54,99.3,14.73,100.0,95.09
S_9-Ord_150-I_1-WIP_0,3.0,9.0,150.0,315.0,2218.0,1563.856,559.304,2213.0,2239.377,2184.372,2201.0,2562.32,2305.66,2205.0,3877.919,3430.362,2205.0,2642.524,2234.93,0.9918845807033363,0.40816326530612246,0.7681879801174876,0.2271694684234439,0.40816326530612246,35.76,88.46,97.54,89.98,84.58
S_9-Ord_150-I_1-WIP_0,4.0,9.0,150.0,315.0,2216.0,1517.289,523.963,2203.0,2227.869,1139.467,2207.0,2578.31,2170.2,2196.0,3905.784,3299.936,2203.0,2643.709,2055.47,0.9025270758122743,0.0,0.3177485247389923,0.4984141368373357,0.3177485247389923,34.53,84.49,51.15,84.17,77.75
S_3-Ord_150-I_2-WIP_0,0.0,3.0,150.0,315.0,1333.0,346.735,106.159,1327.0,506.766,258.957,1332.0,624.09,498.78,1338.0,944.732,353.273,1331.0,625.125,331.18,0.45011252813203295,0.8221225710014948,0.0,0.37537537537537535,0.30052592036063114,30.62,37.39,51.1,79.92,52.98
S_3-Ord_150-I_2-WIP_0,1.0,3.0,150.0,315.0,1337.0,356.665,118.142,1340.0,507.934,147.992,1330.0,623.41,499.08,1336.0,945.794,590.81,1335.0,625.09,515.77,0.7479431563201197,0.6736526946107785,0.9701492537313432,0.2255639097744361,0.599250936329588,33.12,62.47,29.14,80.06,82.51
S_3-Ord_150-I_2-WIP_0,2.0,3.0,150.0,315.0,1335.0,350.87,12.231,1331.0,508.14,48.442,1336.0,622.16,559.73,1332.0,943.747,442.786,1335.0,625.302,477.54,0.599250936329588,0.37537537537537535,0.30052592036063114,0.6736526946107785,0.599250936329588,3.49,46.92,9.53,89.97,76.37
S_3-Ord_150-I_2-WIP_0,3.0,3.0,150.0,315.0,1332.0,461.423,12.961,1328.0,506.953,160.667,1330.0,624.99,401.0,1338.0,943.786,4.066,1334.0,625.397,348.8,0.37537537537537535,0.8221225710014948,0.07530120481927711,0.2255639097744361,0.5247376311844079,2.81,0.43,31.69,64.16,55.77
S_3-Ord_150-I_2-WIP_0,4.0,3.0,150.0,315.0,1329.0,614.01,141.36,1332.0,506.693,258.81,1334.0,622.81,610.31,1331.0,945.023,832.055,1333.0,625.027,111.43,0.15048908954100826,0.30052592036063114,0.37537537537537535,0.5247376311844079,0.45011252813203295,23.02,88.05,51.08,97.99,17.83
S_6-Ord_150-I_2-WIP_0,0.0,6.0,150.0,315.0,1217.0,1661.496,1655.292,1275.0,1350.001,592.293,1208.0,1637.23,1605.92,1224.0,2427.744,2103.162,1201.0,1856.082,1364.5,1.561216105176664,2.1241830065359477,6.03921568627451,0.8278145695364238,0.2497918401332223,99.63,86.63,43.87,98.09,73.52
S_6-Ord_150-I_2-WIP_0,1.0,6.0,150.0,315.0,1222.0,1730.799,1575.534,1332.0,1357.773,1193.05,1203.0,1606.35,1606.35,1217.0,2436.966,2387.721,1224.0,1855.633,1853.5,1.9639934533551555,1.561216105176664,10.06006006006006,0.41562759767248547,2.1241830065359477,91.03,97.98,87.87,100.0,99.89
S_6-Ord_150-I_2-WIP_0,2.0,6.0,150.0,315.0,1204.0,3133.885,2821.722,1295.0,1353.741,393.024,1203.0,1648.4,1521.77,1213.0,2430.038,2332.373,1205.0,1855.455,1561.21,0.4983388704318937,1.2366034624896949,7.4903474903474905,0.41562759767248547,0.5809128630705395,90.04,95.98,29.03,92.32,84.14
S_6-Ord_150-I_2-WIP_0,3.0,6.0,150.0,315.0,1209.0,1865.086,1757.325,1271.0,1360.71,1294.714,1219.0,1642.7,1510.3,1206.0,2431.465,2413.645,1216.0,1855.956,1151.81,0.9098428453267163,0.6633499170812603,5.743509047993705,1.7227235438884332,1.4802631578947367,94.22,99.27,95.15,91.94,62.06
S_6-Ord_150-I_2-WIP_0,4.0,6.0,150.0,315.0,1215.0,1611.028,1212.461,1287.0,1352.108,1153.63,1198.0,1627.81,1470.73,1238.0,2431.069,2351.953,1199.0,1855.159,960.34,1.3991769547325104,3.231017770597738,6.915306915306915,0.0,0.08340283569641367,75.26,96.75,85.32,90.35,51.77
S_9-Ord_150-I_2-WIP_0,0.0,9.0,150.0,315.0,1118.0,3612.632,2776.42,1143.0,1929.6,1551.287,1121.0,2292.11,2292.11,1124.0,3524.673,3362.966,1125.0,2738.602,2059.32,0.35778175313059035,0.8896797153024912,2.537182852143482,0.6244424620874219,0.9777777777777777,76.85,95.41,80.39,100.0,75.2
S_9-Ord_150-I_2-WIP_0,1.0,9.0,150.0,315.0,1121.0,2922.398,2908.441,1143.0,1918.829,1825.392,1115.0,2308.69,1759.2,1132.0,3533.424,3311.83,1125.0,2739.462,2712.99,0.6244424620874219,1.5901060070671376,2.537182852143482,0.08968609865470852,0.9777777777777777,99.52,93.73,95.13,76.2,99.03
S_9-Ord_150-I_2-WIP_0,2.0,9.0,150.0,315.0,1115.0,2847.796,601.348,1142.0,1921.537,1546.775,1120.0,2283.55,2195.08,1130.0,3570.24,3448.652,1117.0,2738.408,1157.76,0.08968609865470852,1.415929203539823,2.4518388791593697,0.5357142857142857,0.26857654431512984,21.12,96.59,80.5,96.13,42.28
S_9-Ord_150-I_2-WIP_0,3.0,9.0,150.0,315.0,1118.0,3481.294,1827.247,1138.0,1916.173,1589.046,1114.0,2295.46,2295.46,1115.0,3549.266,3009.056,1122.0,2738.729,1543.38,0.35778175313059035,0.08968609865470852,2.10896309314587,0.0,0.7130124777183601,52.49,84.78,82.93,100.0,56.35
S_9-Ord_150-I_2-WIP_0,4.0,9.0,150.0,315.0,1124.0,3098.432,2401.708,1128.0,1920.731,1592.089,1124.0,2306.16,1161.55,1125.0,3520.956,3504.205,1119.0,2738.131,2511.9,0.8896797153024912,0.9777777777777777,1.2411347517730498,0.8896797153024912,0.44682752457551383,77.51,99.52,82.89,50.37,91.74
